{
  "Integer Addition": 29.55460548400879,
  "Integer Multiplication": 35.637855529785156,
  "Double Addition": 27.47941017150879,
  "Integer Division": 25.40278434753418,
  "Integer Modulo": 38.27810287475586,
  "Integer Comparison": 42.04535484313965,
  "String Concatenation": 0.1628398895263672,
  "String Comparison": 19.512653350830078,
  "String upper()": 0.4570484161376953,
  "String lower()": 0.46181678771972656,
  "String strip()": 0.5915164947509766,
  "String replace()": 1.0421276092529297,
  "String find()": 0.9763240814208984,
  "String split()": 1.4576911926269531,
  "String startswith()": 0.7550716400146484,
  "String endswith()": 0.7328987121582031,
  "String isdigit()": 0.3981590270996094,
  "String center()": 0.7565021514892578,
  "String zfill()": 0.7283687591552734,
  "String Slice [2:8]": 0.6625652313232422,
  "List Slice [2:8]": 0.7584095001220703,
  "String Slice [::2]": 0.7696151733398438,
  "List Slice [::2]": 1.5034675598144531,
  "List Slice [-5:-1]": 0.7910728454589844,
  "List Slice [::-1] (Reverse)": 2.1452903747558594,
  "List Creation": 0.6318092346191406,
  "Dict Creation": 1.2934207916259766,
  "Set Creation": 1.3036727905273438,
  "List append()": 0.05054473876953125,
  "List extend()": 1.3725757598876953,
  "List Index Access": 0.04673004150390625,
  "Dict Access": 0.17786026000976562,
  "Dict keys()": 49.44276809692383,
  "Dict values()": 46.72956466674805,
  "Dict items()": 207.4592113494873,
  "Set add()": 0.06747245788574219,
  "'in' Operator (List)": 3.110170364379883,
  "'in' Operator (Set)": 0.03337860107421875,
  "'in' Operator (Dict)": 0.03743171691894531,
  "List + Operator": 3.2851696014404297,
  "List * Operator": 3.2019615173339844,
  "range() Iteration": 41.85986518859863,
  "range(start, stop) Iteration": 41.84722900390625,
  "range(start, stop, step) Iteration": 20.873308181762695,
  "for_in with List": 0.027894973754882812,
  "enumerate()": 0.06747245788574219,
  "zip()": 0.053882598876953125,
  "Dict Iteration (items())": 0.038623809814453125,
  "map()": 0.05364418029785156,
  "filter()": 0.06437301635742188,
  "reduce()": 0.062465667724609375,
  "Chained map + filter": 0.10609626770019531,
  "Lambda Application": 0.6921291351318359,
  "sorted() Ascending": 45.52578926086426,
  "sorted() Descending": 45.58849334716797,
  "Large List Sorting (1000 elements)": 51.17344856262207,
  "len()": 35.172224044799805,
  "sum()": 51.58853530883789,
  "min()": 97.9607105255127,
  "max()": 110.58449745178223,
  "abs()": 25.620698928833008,
  "all()": 3.9551258087158203,
  "any()": 5.064725875854492,
  "pow()": 0.9093284606933594,
  "sqrt()": 0.6852149963378906,
  "floor()": 0.43463706970214844,
  "ceil()": 0.4749298095703125,
  "round()": 3.414630889892578,
  "Int() from String": 1.4753341674804688,
  "Float() from String": 1.1241436004638672,
  "Str() from Int": 1.1234283447265625,
  "Bool() from Int": 45.90964317321777,
  "Int to Double": 44.84367370605469,
  "type()": 0.29540061950683594,
  "isinstance()": 0.30612945556640625,
  "Graph Creation": 5.901098251342773,
  "add_edge()": 0.7090568542480469,
  "DFS Traversal": 5.887508392333984,
  "BFS Traversal": 13.551473617553711,
  "has_edge()": 0.11968612670898438,
  "get_shortest_path()": 1.0662078857421875,
  "is_connected()": 3.2846927642822266,
  "has_cycle()": 7.901906967163086,
  "topological_sort()": 0.6129741668701172,
  "connected_components()": 0.2567768096923828
}