{
  "Integer Addition": 303.1318187713623,
  "Integer Multiplication": 370.32246589660645,
  "Double Addition": 264.9092674255371,
  "Integer Comparison": 427.48165130615234,
  "String Concatenation": 1.9490718841552734,
  "String Comparison": 205.00802993774414,
  "List Creation (10 elements)": 5.88679313659668,
  "Set Creation (10 elements)": 13.683319091796875,
  "List Append": 0.05507469177246094,
  "List Access (indexed)": 0.04076957702636719,
  "Set Insertion": 0.048160552978515625,
  "Dict Insertion": 0.22554397583007812,
  "Set Union (|)": 165.56549072265625,
  "List Concatenation (|)": 33.19883346557617,
  "Loop Iteration (for_in + range)": 442.94214248657227,
  "Loop over Container (for_in)": 0.03409385681152344,
  "Map (transform)": 0.056743621826171875,
  "Filter": 0.07200241088867188
}